Date_Key,Date,Date_Description,Month_Of_Year,Month,Year,Year_Month
19000101,1900/01/01,*Unknown date,1,January,1900,1900-01
20200101,2020/01/01,01 January 2020,1,January,2020,2020-01
20200102,2020/01/02,02 January 2020,1,January,2020,2020-01
20200103,2020/01/03,03 January 2020,1,January,2020,2020-01
20200104,2020/01/04,04 January 2020,1,January,2020,2020-01
20200105,2020/01/05,05 January 2020,1,January,2020,2020-01
20200106,2020/01/06,06 January 2020,1,January,2020,2020-01
20200107,2020/01/07,07 January 2020,1,January,2020,2020-01
20200108,2020/01/08,08 January 2020,1,January,2020,2020-01
20200109,2020/01/09,09 January 2020,1,January,2020,2020-01
20200110,2020/01/10,10 January 2020,1,January,2020,2020-01
20200111,2020/01/11,11 January 2020,1,January,2020,2020-01
20200112,2020/01/12,12 January 2020,1,January,2020,2020-01
20200113,2020/01/13,13 January 2020,1,January,2020,2020-01
20200114,2020/01/14,14 January 2020,1,January,2020,2020-01
20200115,2020/01/15,15 January 2020,1,January,2020,2020-01
20200116,2020/01/16,16 January 2020,1,January,2020,2020-01
20200117,2020/01/17,17 January 2020,1,January,2020,2020-01
20200118,2020/01/18,18 January 2020,1,January,2020,2020-01
20200119,2020/01/19,19 January 2020,1,January,2020,2020-01
20200120,2020/01/20,20 January 2020,1,January,2020,2020-01
20200121,2020/01/21,21 January 2020,1,January,2020,2020-01
20200122,2020/01/22,22 January 2020,1,January,2020,2020-01
20200123,2020/01/23,23 January 2020,1,January,2020,2020-01
20200124,2020/01/24,24 January 2020,1,January,2020,2020-01
20200125,2020/01/25,25 January 2020,1,January,2020,2020-01
20200126,2020/01/26,26 January 2020,1,January,2020,2020-01
20200127,2020/01/27,27 January 2020,1,January,2020,2020-01
20200128,2020/01/28,28 January 2020,1,January,2020,2020-01
20200129,2020/01/29,29 January 2020,1,January,2020,2020-01
20200130,2020/01/30,30 January 2020,1,January,2020,2020-01
20200131,2020/01/31,31 January 2020,1,January,2020,2020-01
20200201,2020/02/01,01 February 2020,2,February,2020,2020-02
20200202,2020/02/02,02 February 2020,2,February,2020,2020-02
20200203,2020/02/03,03 February 2020,2,February,2020,2020-02
20200204,2020/02/04,04 February 2020,2,February,2020,2020-02
20200205,2020/02/05,05 February 2020,2,February,2020,2020-02
20200206,2020/02/06,06 February 2020,2,February,2020,2020-02
20200207,2020/02/07,07 February 2020,2,February,2020,2020-02
20200208,2020/02/08,08 February 2020,2,February,2020,2020-02
20200209,2020/02/09,09 February 2020,2,February,2020,2020-02
20200210,2020/02/10,10 February 2020,2,February,2020,2020-02
20200211,2020/02/11,11 February 2020,2,February,2020,2020-02
20200212,2020/02/12,12 February 2020,2,February,2020,2020-02
20200213,2020/02/13,13 February 2020,2,February,2020,2020-02
20200214,2020/02/14,14 February 2020,2,February,2020,2020-02
20200215,2020/02/15,15 February 2020,2,February,2020,2020-02
20200216,2020/02/16,16 February 2020,2,February,2020,2020-02
20200217,2020/02/17,17 February 2020,2,February,2020,2020-02
20200218,2020/02/18,18 February 2020,2,February,2020,2020-02
20200219,2020/02/19,19 February 2020,2,February,2020,2020-02
20200220,2020/02/20,20 February 2020,2,February,2020,2020-02
20200221,2020/02/21,21 February 2020,2,February,2020,2020-02
20200222,2020/02/22,22 February 2020,2,February,2020,2020-02
20200223,2020/02/23,23 February 2020,2,February,2020,2020-02
20200224,2020/02/24,24 February 2020,2,February,2020,2020-02
20200225,2020/02/25,25 February 2020,2,February,2020,2020-02
20200226,2020/02/26,26 February 2020,2,February,2020,2020-02
20200227,2020/02/27,27 February 2020,2,February,2020,2020-02
20200228,2020/02/28,28 February 2020,2,February,2020,2020-02
20200229,2020/02/29,29 February 2020,2,February,2020,2020-02
20200301,2020/03/01,01 March 2020,3,March,2020,2020-03
20200302,2020/03/02,02 March 2020,3,March,2020,2020-03
20200303,2020/03/03,03 March 2020,3,March,2020,2020-03
20200304,2020/03/04,04 March 2020,3,March,2020,2020-03
20200305,2020/03/05,05 March 2020,3,March,2020,2020-03
20200306,2020/03/06,06 March 2020,3,March,2020,2020-03
20200307,2020/03/07,07 March 2020,3,March,2020,2020-03
20200308,2020/03/08,08 March 2020,3,March,2020,2020-03
20200309,2020/03/09,09 March 2020,3,March,2020,2020-03
20200310,2020/03/10,10 March 2020,3,March,2020,2020-03
20200311,2020/03/11,11 March 2020,3,March,2020,2020-03
20200312,2020/03/12,12 March 2020,3,March,2020,2020-03
20200313,2020/03/13,13 March 2020,3,March,2020,2020-03
20200314,2020/03/14,14 March 2020,3,March,2020,2020-03
20200315,2020/03/15,15 March 2020,3,March,2020,2020-03
20200316,2020/03/16,16 March 2020,3,March,2020,2020-03
20200317,2020/03/17,17 March 2020,3,March,2020,2020-03
20200318,2020/03/18,18 March 2020,3,March,2020,2020-03
20200319,2020/03/19,19 March 2020,3,March,2020,2020-03
20200320,2020/03/20,20 March 2020,3,March,2020,2020-03
20200321,2020/03/21,21 March 2020,3,March,2020,2020-03
20200322,2020/03/22,22 March 2020,3,March,2020,2020-03
20200323,2020/03/23,23 March 2020,3,March,2020,2020-03
20200324,2020/03/24,24 March 2020,3,March,2020,2020-03
20200325,2020/03/25,25 March 2020,3,March,2020,2020-03
20200326,2020/03/26,26 March 2020,3,March,2020,2020-03
20200327,2020/03/27,27 March 2020,3,March,2020,2020-03
20200328,2020/03/28,28 March 2020,3,March,2020,2020-03
20200329,2020/03/29,29 March 2020,3,March,2020,2020-03
20200330,2020/03/30,30 March 2020,3,March,2020,2020-03
20200331,2020/03/31,31 March 2020,3,March,2020,2020-03
20200401,2020/04/01,01 April 2020,4,April,2020,2020-04
20200402,2020/04/02,02 April 2020,4,April,2020,2020-04
20200403,2020/04/03,03 April 2020,4,April,2020,2020-04
20200404,2020/04/04,04 April 2020,4,April,2020,2020-04
20200405,2020/04/05,05 April 2020,4,April,2020,2020-04
20200406,2020/04/06,06 April 2020,4,April,2020,2020-04
20200407,2020/04/07,07 April 2020,4,April,2020,2020-04
20200408,2020/04/08,08 April 2020,4,April,2020,2020-04
20200409,2020/04/09,09 April 2020,4,April,2020,2020-04
20200410,2020/04/10,10 April 2020,4,April,2020,2020-04
20200411,2020/04/11,11 April 2020,4,April,2020,2020-04
20200412,2020/04/12,12 April 2020,4,April,2020,2020-04
20200413,2020/04/13,13 April 2020,4,April,2020,2020-04
20200414,2020/04/14,14 April 2020,4,April,2020,2020-04
20200415,2020/04/15,15 April 2020,4,April,2020,2020-04
20200416,2020/04/16,16 April 2020,4,April,2020,2020-04
20200417,2020/04/17,17 April 2020,4,April,2020,2020-04
20200418,2020/04/18,18 April 2020,4,April,2020,2020-04
20200419,2020/04/19,19 April 2020,4,April,2020,2020-04
20200420,2020/04/20,20 April 2020,4,April,2020,2020-04
20200421,2020/04/21,21 April 2020,4,April,2020,2020-04
20200422,2020/04/22,22 April 2020,4,April,2020,2020-04
20200423,2020/04/23,23 April 2020,4,April,2020,2020-04
20200424,2020/04/24,24 April 2020,4,April,2020,2020-04
20200425,2020/04/25,25 April 2020,4,April,2020,2020-04
20200426,2020/04/26,26 April 2020,4,April,2020,2020-04
20200427,2020/04/27,27 April 2020,4,April,2020,2020-04
20200428,2020/04/28,28 April 2020,4,April,2020,2020-04
20200429,2020/04/29,29 April 2020,4,April,2020,2020-04
20200430,2020/04/30,30 April 2020,4,April,2020,2020-04
20200501,2020/05/01,01 May 2020,5,May,2020,2020-05
20200502,2020/05/02,02 May 2020,5,May,2020,2020-05
20200503,2020/05/03,03 May 2020,5,May,2020,2020-05
20200504,2020/05/04,04 May 2020,5,May,2020,2020-05
20200505,2020/05/05,05 May 2020,5,May,2020,2020-05
20200506,2020/05/06,06 May 2020,5,May,2020,2020-05
20200507,2020/05/07,07 May 2020,5,May,2020,2020-05
20200508,2020/05/08,08 May 2020,5,May,2020,2020-05
20200509,2020/05/09,09 May 2020,5,May,2020,2020-05
20200510,2020/05/10,10 May 2020,5,May,2020,2020-05
20200511,2020/05/11,11 May 2020,5,May,2020,2020-05
20200512,2020/05/12,12 May 2020,5,May,2020,2020-05
20200513,2020/05/13,13 May 2020,5,May,2020,2020-05
20200514,2020/05/14,14 May 2020,5,May,2020,2020-05
20200515,2020/05/15,15 May 2020,5,May,2020,2020-05
20200516,2020/05/16,16 May 2020,5,May,2020,2020-05
20200517,2020/05/17,17 May 2020,5,May,2020,2020-05
20200518,2020/05/18,18 May 2020,5,May,2020,2020-05
20200519,2020/05/19,19 May 2020,5,May,2020,2020-05
20200520,2020/05/20,20 May 2020,5,May,2020,2020-05
20200521,2020/05/21,21 May 2020,5,May,2020,2020-05
20200522,2020/05/22,22 May 2020,5,May,2020,2020-05
20200523,2020/05/23,23 May 2020,5,May,2020,2020-05
20200524,2020/05/24,24 May 2020,5,May,2020,2020-05
20200525,2020/05/25,25 May 2020,5,May,2020,2020-05
20200526,2020/05/26,26 May 2020,5,May,2020,2020-05
20200527,2020/05/27,27 May 2020,5,May,2020,2020-05
20200528,2020/05/28,28 May 2020,5,May,2020,2020-05
20200529,2020/05/29,29 May 2020,5,May,2020,2020-05
20200530,2020/05/30,30 May 2020,5,May,2020,2020-05
20200531,2020/05/31,31 May 2020,5,May,2020,2020-05
20200601,2020/06/01,01 June 2020,6,June,2020,2020-06
20200602,2020/06/02,02 June 2020,6,June,2020,2020-06
20200603,2020/06/03,03 June 2020,6,June,2020,2020-06
20200604,2020/06/04,04 June 2020,6,June,2020,2020-06
20200605,2020/06/05,05 June 2020,6,June,2020,2020-06
20200606,2020/06/06,06 June 2020,6,June,2020,2020-06
20200607,2020/06/07,07 June 2020,6,June,2020,2020-06
20200608,2020/06/08,08 June 2020,6,June,2020,2020-06
20200609,2020/06/09,09 June 2020,6,June,2020,2020-06
20200610,2020/06/10,10 June 2020,6,June,2020,2020-06
20200611,2020/06/11,11 June 2020,6,June,2020,2020-06
20200612,2020/06/12,12 June 2020,6,June,2020,2020-06
20200613,2020/06/13,13 June 2020,6,June,2020,2020-06
20200614,2020/06/14,14 June 2020,6,June,2020,2020-06
20200615,2020/06/15,15 June 2020,6,June,2020,2020-06
20200616,2020/06/16,16 June 2020,6,June,2020,2020-06
20200617,2020/06/17,17 June 2020,6,June,2020,2020-06
20200618,2020/06/18,18 June 2020,6,June,2020,2020-06
20200619,2020/06/19,19 June 2020,6,June,2020,2020-06
20200620,2020/06/20,20 June 2020,6,June,2020,2020-06
20200621,2020/06/21,21 June 2020,6,June,2020,2020-06
20200622,2020/06/22,22 June 2020,6,June,2020,2020-06
20200623,2020/06/23,23 June 2020,6,June,2020,2020-06
20200624,2020/06/24,24 June 2020,6,June,2020,2020-06
20200625,2020/06/25,25 June 2020,6,June,2020,2020-06
20200626,2020/06/26,26 June 2020,6,June,2020,2020-06
20200627,2020/06/27,27 June 2020,6,June,2020,2020-06
20200628,2020/06/28,28 June 2020,6,June,2020,2020-06
20200629,2020/06/29,29 June 2020,6,June,2020,2020-06
20200630,2020/06/30,30 June 2020,6,June,2020,2020-06
20200701,2020/07/01,01 July 2020,7,July,2020,2020-07
20200702,2020/07/02,02 July 2020,7,July,2020,2020-07
20200703,2020/07/03,03 July 2020,7,July,2020,2020-07
20200704,2020/07/04,04 July 2020,7,July,2020,2020-07
20200705,2020/07/05,05 July 2020,7,July,2020,2020-07
20200706,2020/07/06,06 July 2020,7,July,2020,2020-07
20200707,2020/07/07,07 July 2020,7,July,2020,2020-07
20200708,2020/07/08,08 July 2020,7,July,2020,2020-07
20200709,2020/07/09,09 July 2020,7,July,2020,2020-07
20200710,2020/07/10,10 July 2020,7,July,2020,2020-07
20200711,2020/07/11,11 July 2020,7,July,2020,2020-07
20200712,2020/07/12,12 July 2020,7,July,2020,2020-07
20200713,2020/07/13,13 July 2020,7,July,2020,2020-07
20200714,2020/07/14,14 July 2020,7,July,2020,2020-07
20200715,2020/07/15,15 July 2020,7,July,2020,2020-07
20200716,2020/07/16,16 July 2020,7,July,2020,2020-07
20200717,2020/07/17,17 July 2020,7,July,2020,2020-07
20200718,2020/07/18,18 July 2020,7,July,2020,2020-07
20200719,2020/07/19,19 July 2020,7,July,2020,2020-07
20200720,2020/07/20,20 July 2020,7,July,2020,2020-07
20200721,2020/07/21,21 July 2020,7,July,2020,2020-07
20200722,2020/07/22,22 July 2020,7,July,2020,2020-07
20200723,2020/07/23,23 July 2020,7,July,2020,2020-07
20200724,2020/07/24,24 July 2020,7,July,2020,2020-07
20200725,2020/07/25,25 July 2020,7,July,2020,2020-07
20200726,2020/07/26,26 July 2020,7,July,2020,2020-07
20200727,2020/07/27,27 July 2020,7,July,2020,2020-07
20200728,2020/07/28,28 July 2020,7,July,2020,2020-07
20200729,2020/07/29,29 July 2020,7,July,2020,2020-07
20200730,2020/07/30,30 July 2020,7,July,2020,2020-07
20200731,2020/07/31,31 July 2020,7,July,2020,2020-07
20200801,2020/08/01,01 August 2020,8,August,2020,2020-08
20200802,2020/08/02,02 August 2020,8,August,2020,2020-08
20200803,2020/08/03,03 August 2020,8,August,2020,2020-08
20200804,2020/08/04,04 August 2020,8,August,2020,2020-08
20200805,2020/08/05,05 August 2020,8,August,2020,2020-08
20200806,2020/08/06,06 August 2020,8,August,2020,2020-08
20200807,2020/08/07,07 August 2020,8,August,2020,2020-08
20200808,2020/08/08,08 August 2020,8,August,2020,2020-08
20200809,2020/08/09,09 August 2020,8,August,2020,2020-08
20200810,2020/08/10,10 August 2020,8,August,2020,2020-08
20200811,2020/08/11,11 August 2020,8,August,2020,2020-08
20200812,2020/08/12,12 August 2020,8,August,2020,2020-08
20200813,2020/08/13,13 August 2020,8,August,2020,2020-08
20200814,2020/08/14,14 August 2020,8,August,2020,2020-08
20200815,2020/08/15,15 August 2020,8,August,2020,2020-08
20200816,2020/08/16,16 August 2020,8,August,2020,2020-08
20200817,2020/08/17,17 August 2020,8,August,2020,2020-08
20200818,2020/08/18,18 August 2020,8,August,2020,2020-08
20200819,2020/08/19,19 August 2020,8,August,2020,2020-08
20200820,2020/08/20,20 August 2020,8,August,2020,2020-08
20200821,2020/08/21,21 August 2020,8,August,2020,2020-08
20200822,2020/08/22,22 August 2020,8,August,2020,2020-08
20200823,2020/08/23,23 August 2020,8,August,2020,2020-08
20200824,2020/08/24,24 August 2020,8,August,2020,2020-08
20200825,2020/08/25,25 August 2020,8,August,2020,2020-08
20200826,2020/08/26,26 August 2020,8,August,2020,2020-08
20200827,2020/08/27,27 August 2020,8,August,2020,2020-08
20200828,2020/08/28,28 August 2020,8,August,2020,2020-08
20200829,2020/08/29,29 August 2020,8,August,2020,2020-08
20200830,2020/08/30,30 August 2020,8,August,2020,2020-08
20200831,2020/08/31,31 August 2020,8,August,2020,2020-08
20200901,2020/09/01,01 September 2020,9,September,2020,2020-09
20200902,2020/09/02,02 September 2020,9,September,2020,2020-09
20200903,2020/09/03,03 September 2020,9,September,2020,2020-09
20200904,2020/09/04,04 September 2020,9,September,2020,2020-09
20200905,2020/09/05,05 September 2020,9,September,2020,2020-09
20200906,2020/09/06,06 September 2020,9,September,2020,2020-09
20200907,2020/09/07,07 September 2020,9,September,2020,2020-09
20200908,2020/09/08,08 September 2020,9,September,2020,2020-09
20200909,2020/09/09,09 September 2020,9,September,2020,2020-09
20200910,2020/09/10,10 September 2020,9,September,2020,2020-09
20200911,2020/09/11,11 September 2020,9,September,2020,2020-09
20200912,2020/09/12,12 September 2020,9,September,2020,2020-09
20200913,2020/09/13,13 September 2020,9,September,2020,2020-09
20200914,2020/09/14,14 September 2020,9,September,2020,2020-09
20200915,2020/09/15,15 September 2020,9,September,2020,2020-09
20200916,2020/09/16,16 September 2020,9,September,2020,2020-09
20200917,2020/09/17,17 September 2020,9,September,2020,2020-09
20200918,2020/09/18,18 September 2020,9,September,2020,2020-09
20200919,2020/09/19,19 September 2020,9,September,2020,2020-09
20200920,2020/09/20,20 September 2020,9,September,2020,2020-09
20200921,2020/09/21,21 September 2020,9,September,2020,2020-09
20200922,2020/09/22,22 September 2020,9,September,2020,2020-09
20200923,2020/09/23,23 September 2020,9,September,2020,2020-09
20200924,2020/09/24,24 September 2020,9,September,2020,2020-09
20200925,2020/09/25,25 September 2020,9,September,2020,2020-09
20200926,2020/09/26,26 September 2020,9,September,2020,2020-09
20200927,2020/09/27,27 September 2020,9,September,2020,2020-09
20200928,2020/09/28,28 September 2020,9,September,2020,2020-09
20200929,2020/09/29,29 September 2020,9,September,2020,2020-09
20200930,2020/09/30,30 September 2020,9,September,2020,2020-09
20201001,2020/10/01,01 October 2020,10,October,2020,2020-10
20201002,2020/10/02,02 October 2020,10,October,2020,2020-10
20201003,2020/10/03,03 October 2020,10,October,2020,2020-10
20201004,2020/10/04,04 October 2020,10,October,2020,2020-10
20201005,2020/10/05,05 October 2020,10,October,2020,2020-10
20201006,2020/10/06,06 October 2020,10,October,2020,2020-10
20201007,2020/10/07,07 October 2020,10,October,2020,2020-10
20201008,2020/10/08,08 October 2020,10,October,2020,2020-10
20201009,2020/10/09,09 October 2020,10,October,2020,2020-10
20201010,2020/10/10,10 October 2020,10,October,2020,2020-10
20201011,2020/10/11,11 October 2020,10,October,2020,2020-10
20201012,2020/10/12,12 October 2020,10,October,2020,2020-10
20201013,2020/10/13,13 October 2020,10,October,2020,2020-10
20201014,2020/10/14,14 October 2020,10,October,2020,2020-10
20201015,2020/10/15,15 October 2020,10,October,2020,2020-10
20201016,2020/10/16,16 October 2020,10,October,2020,2020-10
20201017,2020/10/17,17 October 2020,10,October,2020,2020-10
20201018,2020/10/18,18 October 2020,10,October,2020,2020-10
20201019,2020/10/19,19 October 2020,10,October,2020,2020-10
20201020,2020/10/20,20 October 2020,10,October,2020,2020-10
20201021,2020/10/21,21 October 2020,10,October,2020,2020-10
20201022,2020/10/22,22 October 2020,10,October,2020,2020-10
20201023,2020/10/23,23 October 2020,10,October,2020,2020-10
20201024,2020/10/24,24 October 2020,10,October,2020,2020-10
20201025,2020/10/25,25 October 2020,10,October,2020,2020-10
20201026,2020/10/26,26 October 2020,10,October,2020,2020-10
20201027,2020/10/27,27 October 2020,10,October,2020,2020-10
20201028,2020/10/28,28 October 2020,10,October,2020,2020-10
20201029,2020/10/29,29 October 2020,10,October,2020,2020-10
20201030,2020/10/30,30 October 2020,10,October,2020,2020-10
20201031,2020/10/31,31 October 2020,10,October,2020,2020-10
20201101,2020/11/01,01 November 2020,11,November,2020,2020-11
20201102,2020/11/02,02 November 2020,11,November,2020,2020-11
20201103,2020/11/03,03 November 2020,11,November,2020,2020-11
20201104,2020/11/04,04 November 2020,11,November,2020,2020-11
20201105,2020/11/05,05 November 2020,11,November,2020,2020-11
20201106,2020/11/06,06 November 2020,11,November,2020,2020-11
20201107,2020/11/07,07 November 2020,11,November,2020,2020-11
20201108,2020/11/08,08 November 2020,11,November,2020,2020-11
20201109,2020/11/09,09 November 2020,11,November,2020,2020-11
20201110,2020/11/10,10 November 2020,11,November,2020,2020-11
20201111,2020/11/11,11 November 2020,11,November,2020,2020-11
20201112,2020/11/12,12 November 2020,11,November,2020,2020-11
20201113,2020/11/13,13 November 2020,11,November,2020,2020-11
20201114,2020/11/14,14 November 2020,11,November,2020,2020-11
20201115,2020/11/15,15 November 2020,11,November,2020,2020-11
20201116,2020/11/16,16 November 2020,11,November,2020,2020-11
20201117,2020/11/17,17 November 2020,11,November,2020,2020-11
20201118,2020/11/18,18 November 2020,11,November,2020,2020-11
20201119,2020/11/19,19 November 2020,11,November,2020,2020-11
20201120,2020/11/20,20 November 2020,11,November,2020,2020-11
20201121,2020/11/21,21 November 2020,11,November,2020,2020-11
20201122,2020/11/22,22 November 2020,11,November,2020,2020-11
20201123,2020/11/23,23 November 2020,11,November,2020,2020-11
20201124,2020/11/24,24 November 2020,11,November,2020,2020-11
20201125,2020/11/25,25 November 2020,11,November,2020,2020-11
20201126,2020/11/26,26 November 2020,11,November,2020,2020-11
20201127,2020/11/27,27 November 2020,11,November,2020,2020-11
20201128,2020/11/28,28 November 2020,11,November,2020,2020-11
20201129,2020/11/29,29 November 2020,11,November,2020,2020-11
20201130,2020/11/30,30 November 2020,11,November,2020,2020-11
20201201,2020/12/01,01 December 2020,12,December,2020,2020-12
20201202,2020/12/02,02 December 2020,12,December,2020,2020-12
20201203,2020/12/03,03 December 2020,12,December,2020,2020-12
20201204,2020/12/04,04 December 2020,12,December,2020,2020-12
20201205,2020/12/05,05 December 2020,12,December,2020,2020-12
20201206,2020/12/06,06 December 2020,12,December,2020,2020-12
20201207,2020/12/07,07 December 2020,12,December,2020,2020-12
20201208,2020/12/08,08 December 2020,12,December,2020,2020-12
20201209,2020/12/09,09 December 2020,12,December,2020,2020-12
20201210,2020/12/10,10 December 2020,12,December,2020,2020-12
20201211,2020/12/11,11 December 2020,12,December,2020,2020-12
20201212,2020/12/12,12 December 2020,12,December,2020,2020-12
20201213,2020/12/13,13 December 2020,12,December,2020,2020-12
20201214,2020/12/14,14 December 2020,12,December,2020,2020-12
20201215,2020/12/15,15 December 2020,12,December,2020,2020-12
20201216,2020/12/16,16 December 2020,12,December,2020,2020-12
20201217,2020/12/17,17 December 2020,12,December,2020,2020-12
20201218,2020/12/18,18 December 2020,12,December,2020,2020-12
20201219,2020/12/19,19 December 2020,12,December,2020,2020-12
20201220,2020/12/20,20 December 2020,12,December,2020,2020-12
20201221,2020/12/21,21 December 2020,12,December,2020,2020-12
20201222,2020/12/22,22 December 2020,12,December,2020,2020-12
20201223,2020/12/23,23 December 2020,12,December,2020,2020-12
20201224,2020/12/24,24 December 2020,12,December,2020,2020-12
20201225,2020/12/25,25 December 2020,12,December,2020,2020-12
20201226,2020/12/26,26 December 2020,12,December,2020,2020-12
20201227,2020/12/27,27 December 2020,12,December,2020,2020-12
20201228,2020/12/28,28 December 2020,12,December,2020,2020-12
20201229,2020/12/29,29 December 2020,12,December,2020,2020-12
20201230,2020/12/30,30 December 2020,12,December,2020,2020-12
20201231,2020/12/31,31 December 2020,12,December,2020,2020-12
20210101,2021/01/01,01 January 2021,1,January,2021,2021-01
20210102,2021/01/02,02 January 2021,1,January,2021,2021-01
20210103,2021/01/03,03 January 2021,1,January,2021,2021-01
20210104,2021/01/04,04 January 2021,1,January,2021,2021-01
20210105,2021/01/05,05 January 2021,1,January,2021,2021-01
20210106,2021/01/06,06 January 2021,1,January,2021,2021-01
20210107,2021/01/07,07 January 2021,1,January,2021,2021-01
20210108,2021/01/08,08 January 2021,1,January,2021,2021-01
20210109,2021/01/09,09 January 2021,1,January,2021,2021-01
20210110,2021/01/10,10 January 2021,1,January,2021,2021-01
20210111,2021/01/11,11 January 2021,1,January,2021,2021-01
20210112,2021/01/12,12 January 2021,1,January,2021,2021-01
20210113,2021/01/13,13 January 2021,1,January,2021,2021-01
20210114,2021/01/14,14 January 2021,1,January,2021,2021-01
20210115,2021/01/15,15 January 2021,1,January,2021,2021-01
20210116,2021/01/16,16 January 2021,1,January,2021,2021-01
20210117,2021/01/17,17 January 2021,1,January,2021,2021-01
20210118,2021/01/18,18 January 2021,1,January,2021,2021-01
20210119,2021/01/19,19 January 2021,1,January,2021,2021-01
20210120,2021/01/20,20 January 2021,1,January,2021,2021-01
20210121,2021/01/21,21 January 2021,1,January,2021,2021-01
20210122,2021/01/22,22 January 2021,1,January,2021,2021-01
20210123,2021/01/23,23 January 2021,1,January,2021,2021-01
20210124,2021/01/24,24 January 2021,1,January,2021,2021-01
20210125,2021/01/25,25 January 2021,1,January,2021,2021-01
20210126,2021/01/26,26 January 2021,1,January,2021,2021-01
20210127,2021/01/27,27 January 2021,1,January,2021,2021-01
20210128,2021/01/28,28 January 2021,1,January,2021,2021-01
20210129,2021/01/29,29 January 2021,1,January,2021,2021-01
20210130,2021/01/30,30 January 2021,1,January,2021,2021-01
20210131,2021/01/31,31 January 2021,1,January,2021,2021-01
20210201,2021/02/01,01 February 2021,2,February,2021,2021-02
20210202,2021/02/02,02 February 2021,2,February,2021,2021-02
20210203,2021/02/03,03 February 2021,2,February,2021,2021-02
20210204,2021/02/04,04 February 2021,2,February,2021,2021-02
20210205,2021/02/05,05 February 2021,2,February,2021,2021-02
20210206,2021/02/06,06 February 2021,2,February,2021,2021-02
20210207,2021/02/07,07 February 2021,2,February,2021,2021-02
20210208,2021/02/08,08 February 2021,2,February,2021,2021-02
20210209,2021/02/09,09 February 2021,2,February,2021,2021-02
20210210,2021/02/10,10 February 2021,2,February,2021,2021-02
20210211,2021/02/11,11 February 2021,2,February,2021,2021-02
20210212,2021/02/12,12 February 2021,2,February,2021,2021-02
20210213,2021/02/13,13 February 2021,2,February,2021,2021-02
20210214,2021/02/14,14 February 2021,2,February,2021,2021-02
20210215,2021/02/15,15 February 2021,2,February,2021,2021-02
20210216,2021/02/16,16 February 2021,2,February,2021,2021-02
20210217,2021/02/17,17 February 2021,2,February,2021,2021-02
20210218,2021/02/18,18 February 2021,2,February,2021,2021-02
20210219,2021/02/19,19 February 2021,2,February,2021,2021-02
20210220,2021/02/20,20 February 2021,2,February,2021,2021-02
20210221,2021/02/21,21 February 2021,2,February,2021,2021-02
20210222,2021/02/22,22 February 2021,2,February,2021,2021-02
20210223,2021/02/23,23 February 2021,2,February,2021,2021-02
20210224,2021/02/24,24 February 2021,2,February,2021,2021-02
20210225,2021/02/25,25 February 2021,2,February,2021,2021-02
20210226,2021/02/26,26 February 2021,2,February,2021,2021-02
20210227,2021/02/27,27 February 2021,2,February,2021,2021-02
20210228,2021/02/28,28 February 2021,2,February,2021,2021-02
20210301,2021/03/01,01 March 2021,3,March,2021,2021-03
20210302,2021/03/02,02 March 2021,3,March,2021,2021-03
20210303,2021/03/03,03 March 2021,3,March,2021,2021-03
20210304,2021/03/04,04 March 2021,3,March,2021,2021-03
20210305,2021/03/05,05 March 2021,3,March,2021,2021-03
20210306,2021/03/06,06 March 2021,3,March,2021,2021-03
20210307,2021/03/07,07 March 2021,3,March,2021,2021-03
20210308,2021/03/08,08 March 2021,3,March,2021,2021-03
20210309,2021/03/09,09 March 2021,3,March,2021,2021-03
20210310,2021/03/10,10 March 2021,3,March,2021,2021-03
20210311,2021/03/11,11 March 2021,3,March,2021,2021-03
20210312,2021/03/12,12 March 2021,3,March,2021,2021-03
20210313,2021/03/13,13 March 2021,3,March,2021,2021-03
20210314,2021/03/14,14 March 2021,3,March,2021,2021-03
20210315,2021/03/15,15 March 2021,3,March,2021,2021-03
20210316,2021/03/16,16 March 2021,3,March,2021,2021-03
20210317,2021/03/17,17 March 2021,3,March,2021,2021-03
20210318,2021/03/18,18 March 2021,3,March,2021,2021-03
20210319,2021/03/19,19 March 2021,3,March,2021,2021-03
20210320,2021/03/20,20 March 2021,3,March,2021,2021-03
20210321,2021/03/21,21 March 2021,3,March,2021,2021-03
20210322,2021/03/22,22 March 2021,3,March,2021,2021-03
20210323,2021/03/23,23 March 2021,3,March,2021,2021-03
20210324,2021/03/24,24 March 2021,3,March,2021,2021-03
20210325,2021/03/25,25 March 2021,3,March,2021,2021-03
20210326,2021/03/26,26 March 2021,3,March,2021,2021-03
20210327,2021/03/27,27 March 2021,3,March,2021,2021-03
20210328,2021/03/28,28 March 2021,3,March,2021,2021-03
20210329,2021/03/29,29 March 2021,3,March,2021,2021-03
20210330,2021/03/30,30 March 2021,3,March,2021,2021-03
20210331,2021/03/31,31 March 2021,3,March,2021,2021-03
20210401,2021/04/01,01 April 2021,4,April,2021,2021-04
20210402,2021/04/02,02 April 2021,4,April,2021,2021-04
20210403,2021/04/03,03 April 2021,4,April,2021,2021-04
20210404,2021/04/04,04 April 2021,4,April,2021,2021-04
20210405,2021/04/05,05 April 2021,4,April,2021,2021-04
20210406,2021/04/06,06 April 2021,4,April,2021,2021-04
20210407,2021/04/07,07 April 2021,4,April,2021,2021-04
20210408,2021/04/08,08 April 2021,4,April,2021,2021-04
20210409,2021/04/09,09 April 2021,4,April,2021,2021-04
20210410,2021/04/10,10 April 2021,4,April,2021,2021-04
20210411,2021/04/11,11 April 2021,4,April,2021,2021-04
20210412,2021/04/12,12 April 2021,4,April,2021,2021-04
20210413,2021/04/13,13 April 2021,4,April,2021,2021-04
20210414,2021/04/14,14 April 2021,4,April,2021,2021-04
20210415,2021/04/15,15 April 2021,4,April,2021,2021-04
20210416,2021/04/16,16 April 2021,4,April,2021,2021-04
20210417,2021/04/17,17 April 2021,4,April,2021,2021-04
20210418,2021/04/18,18 April 2021,4,April,2021,2021-04
20210419,2021/04/19,19 April 2021,4,April,2021,2021-04
20210420,2021/04/20,20 April 2021,4,April,2021,2021-04
20210421,2021/04/21,21 April 2021,4,April,2021,2021-04
20210422,2021/04/22,22 April 2021,4,April,2021,2021-04
20210423,2021/04/23,23 April 2021,4,April,2021,2021-04
20210424,2021/04/24,24 April 2021,4,April,2021,2021-04
20210425,2021/04/25,25 April 2021,4,April,2021,2021-04
20210426,2021/04/26,26 April 2021,4,April,2021,2021-04
20210427,2021/04/27,27 April 2021,4,April,2021,2021-04
20210428,2021/04/28,28 April 2021,4,April,2021,2021-04
20210429,2021/04/29,29 April 2021,4,April,2021,2021-04
20210430,2021/04/30,30 April 2021,4,April,2021,2021-04
20210501,2021/05/01,01 May 2021,5,May,2021,2021-05
20210502,2021/05/02,02 May 2021,5,May,2021,2021-05
20210503,2021/05/03,03 May 2021,5,May,2021,2021-05
20210504,2021/05/04,04 May 2021,5,May,2021,2021-05
20210505,2021/05/05,05 May 2021,5,May,2021,2021-05
20210506,2021/05/06,06 May 2021,5,May,2021,2021-05
20210507,2021/05/07,07 May 2021,5,May,2021,2021-05
20210508,2021/05/08,08 May 2021,5,May,2021,2021-05
20210509,2021/05/09,09 May 2021,5,May,2021,2021-05
20210510,2021/05/10,10 May 2021,5,May,2021,2021-05
20210511,2021/05/11,11 May 2021,5,May,2021,2021-05
20210512,2021/05/12,12 May 2021,5,May,2021,2021-05
20210513,2021/05/13,13 May 2021,5,May,2021,2021-05
20210514,2021/05/14,14 May 2021,5,May,2021,2021-05
20210515,2021/05/15,15 May 2021,5,May,2021,2021-05
20210516,2021/05/16,16 May 2021,5,May,2021,2021-05
20210517,2021/05/17,17 May 2021,5,May,2021,2021-05
20210518,2021/05/18,18 May 2021,5,May,2021,2021-05
20210519,2021/05/19,19 May 2021,5,May,2021,2021-05
20210520,2021/05/20,20 May 2021,5,May,2021,2021-05
20210521,2021/05/21,21 May 2021,5,May,2021,2021-05
20210522,2021/05/22,22 May 2021,5,May,2021,2021-05
20210523,2021/05/23,23 May 2021,5,May,2021,2021-05
20210524,2021/05/24,24 May 2021,5,May,2021,2021-05
20210525,2021/05/25,25 May 2021,5,May,2021,2021-05
20210526,2021/05/26,26 May 2021,5,May,2021,2021-05
20210527,2021/05/27,27 May 2021,5,May,2021,2021-05
20210528,2021/05/28,28 May 2021,5,May,2021,2021-05
20210529,2021/05/29,29 May 2021,5,May,2021,2021-05
20210530,2021/05/30,30 May 2021,5,May,2021,2021-05
20210531,2021/05/31,31 May 2021,5,May,2021,2021-05
20210601,2021/06/01,01 June 2021,6,June,2021,2021-06
20210602,2021/06/02,02 June 2021,6,June,2021,2021-06
20210603,2021/06/03,03 June 2021,6,June,2021,2021-06
20210604,2021/06/04,04 June 2021,6,June,2021,2021-06
20210605,2021/06/05,05 June 2021,6,June,2021,2021-06
20210606,2021/06/06,06 June 2021,6,June,2021,2021-06
20210607,2021/06/07,07 June 2021,6,June,2021,2021-06
20210608,2021/06/08,08 June 2021,6,June,2021,2021-06
20210609,2021/06/09,09 June 2021,6,June,2021,2021-06
20210610,2021/06/10,10 June 2021,6,June,2021,2021-06
20210611,2021/06/11,11 June 2021,6,June,2021,2021-06
20210612,2021/06/12,12 June 2021,6,June,2021,2021-06
20210613,2021/06/13,13 June 2021,6,June,2021,2021-06
20210614,2021/06/14,14 June 2021,6,June,2021,2021-06
20210615,2021/06/15,15 June 2021,6,June,2021,2021-06
20210616,2021/06/16,16 June 2021,6,June,2021,2021-06
20210617,2021/06/17,17 June 2021,6,June,2021,2021-06
20210618,2021/06/18,18 June 2021,6,June,2021,2021-06
20210619,2021/06/19,19 June 2021,6,June,2021,2021-06
20210620,2021/06/20,20 June 2021,6,June,2021,2021-06
20210621,2021/06/21,21 June 2021,6,June,2021,2021-06
20210622,2021/06/22,22 June 2021,6,June,2021,2021-06
20210623,2021/06/23,23 June 2021,6,June,2021,2021-06
20210624,2021/06/24,24 June 2021,6,June,2021,2021-06
20210625,2021/06/25,25 June 2021,6,June,2021,2021-06
20210626,2021/06/26,26 June 2021,6,June,2021,2021-06
20210627,2021/06/27,27 June 2021,6,June,2021,2021-06
20210628,2021/06/28,28 June 2021,6,June,2021,2021-06
20210629,2021/06/29,29 June 2021,6,June,2021,2021-06
20210630,2021/06/30,30 June 2021,6,June,2021,2021-06
20210701,2021/07/01,01 July 2021,7,July,2021,2021-07
20210702,2021/07/02,02 July 2021,7,July,2021,2021-07
20210703,2021/07/03,03 July 2021,7,July,2021,2021-07
20210704,2021/07/04,04 July 2021,7,July,2021,2021-07
20210705,2021/07/05,05 July 2021,7,July,2021,2021-07
20210706,2021/07/06,06 July 2021,7,July,2021,2021-07
20210707,2021/07/07,07 July 2021,7,July,2021,2021-07
20210708,2021/07/08,08 July 2021,7,July,2021,2021-07
20210709,2021/07/09,09 July 2021,7,July,2021,2021-07
20210710,2021/07/10,10 July 2021,7,July,2021,2021-07
20210711,2021/07/11,11 July 2021,7,July,2021,2021-07
20210712,2021/07/12,12 July 2021,7,July,2021,2021-07
20210713,2021/07/13,13 July 2021,7,July,2021,2021-07
20210714,2021/07/14,14 July 2021,7,July,2021,2021-07
20210715,2021/07/15,15 July 2021,7,July,2021,2021-07
20210716,2021/07/16,16 July 2021,7,July,2021,2021-07
20210717,2021/07/17,17 July 2021,7,July,2021,2021-07
20210718,2021/07/18,18 July 2021,7,July,2021,2021-07
20210719,2021/07/19,19 July 2021,7,July,2021,2021-07
20210720,2021/07/20,20 July 2021,7,July,2021,2021-07
20210721,2021/07/21,21 July 2021,7,July,2021,2021-07
20210722,2021/07/22,22 July 2021,7,July,2021,2021-07
20210723,2021/07/23,23 July 2021,7,July,2021,2021-07
20210724,2021/07/24,24 July 2021,7,July,2021,2021-07
20210725,2021/07/25,25 July 2021,7,July,2021,2021-07
20210726,2021/07/26,26 July 2021,7,July,2021,2021-07
20210727,2021/07/27,27 July 2021,7,July,2021,2021-07
20210728,2021/07/28,28 July 2021,7,July,2021,2021-07
20210729,2021/07/29,29 July 2021,7,July,2021,2021-07
20210730,2021/07/30,30 July 2021,7,July,2021,2021-07
20210731,2021/07/31,31 July 2021,7,July,2021,2021-07
20210801,2021/08/01,01 August 2021,8,August,2021,2021-08
20210802,2021/08/02,02 August 2021,8,August,2021,2021-08
20210803,2021/08/03,03 August 2021,8,August,2021,2021-08
20210804,2021/08/04,04 August 2021,8,August,2021,2021-08
20210805,2021/08/05,05 August 2021,8,August,2021,2021-08
20210806,2021/08/06,06 August 2021,8,August,2021,2021-08
20210807,2021/08/07,07 August 2021,8,August,2021,2021-08
20210808,2021/08/08,08 August 2021,8,August,2021,2021-08
20210809,2021/08/09,09 August 2021,8,August,2021,2021-08
20210810,2021/08/10,10 August 2021,8,August,2021,2021-08
20210811,2021/08/11,11 August 2021,8,August,2021,2021-08
20210812,2021/08/12,12 August 2021,8,August,2021,2021-08
20210813,2021/08/13,13 August 2021,8,August,2021,2021-08
20210814,2021/08/14,14 August 2021,8,August,2021,2021-08
20210815,2021/08/15,15 August 2021,8,August,2021,2021-08
20210816,2021/08/16,16 August 2021,8,August,2021,2021-08
20210817,2021/08/17,17 August 2021,8,August,2021,2021-08
20210818,2021/08/18,18 August 2021,8,August,2021,2021-08
20210819,2021/08/19,19 August 2021,8,August,2021,2021-08
20210820,2021/08/20,20 August 2021,8,August,2021,2021-08
20210821,2021/08/21,21 August 2021,8,August,2021,2021-08
20210822,2021/08/22,22 August 2021,8,August,2021,2021-08
20210823,2021/08/23,23 August 2021,8,August,2021,2021-08
20210824,2021/08/24,24 August 2021,8,August,2021,2021-08
20210825,2021/08/25,25 August 2021,8,August,2021,2021-08
20210826,2021/08/26,26 August 2021,8,August,2021,2021-08
20210827,2021/08/27,27 August 2021,8,August,2021,2021-08
20210828,2021/08/28,28 August 2021,8,August,2021,2021-08
20210829,2021/08/29,29 August 2021,8,August,2021,2021-08
20210830,2021/08/30,30 August 2021,8,August,2021,2021-08
20210831,2021/08/31,31 August 2021,8,August,2021,2021-08
20210901,2021/09/01,01 September 2021,9,September,2021,2021-09
20210902,2021/09/02,02 September 2021,9,September,2021,2021-09
20210903,2021/09/03,03 September 2021,9,September,2021,2021-09
20210904,2021/09/04,04 September 2021,9,September,2021,2021-09
20210905,2021/09/05,05 September 2021,9,September,2021,2021-09
20210906,2021/09/06,06 September 2021,9,September,2021,2021-09
20210907,2021/09/07,07 September 2021,9,September,2021,2021-09
20210908,2021/09/08,08 September 2021,9,September,2021,2021-09
20210909,2021/09/09,09 September 2021,9,September,2021,2021-09
20210910,2021/09/10,10 September 2021,9,September,2021,2021-09
20210911,2021/09/11,11 September 2021,9,September,2021,2021-09
20210912,2021/09/12,12 September 2021,9,September,2021,2021-09
20210913,2021/09/13,13 September 2021,9,September,2021,2021-09
20210914,2021/09/14,14 September 2021,9,September,2021,2021-09
20210915,2021/09/15,15 September 2021,9,September,2021,2021-09
20210916,2021/09/16,16 September 2021,9,September,2021,2021-09
20210917,2021/09/17,17 September 2021,9,September,2021,2021-09
20210918,2021/09/18,18 September 2021,9,September,2021,2021-09
20210919,2021/09/19,19 September 2021,9,September,2021,2021-09
20210920,2021/09/20,20 September 2021,9,September,2021,2021-09
20210921,2021/09/21,21 September 2021,9,September,2021,2021-09
20210922,2021/09/22,22 September 2021,9,September,2021,2021-09
20210923,2021/09/23,23 September 2021,9,September,2021,2021-09
20210924,2021/09/24,24 September 2021,9,September,2021,2021-09
20210925,2021/09/25,25 September 2021,9,September,2021,2021-09
20210926,2021/09/26,26 September 2021,9,September,2021,2021-09
20210927,2021/09/27,27 September 2021,9,September,2021,2021-09
20210928,2021/09/28,28 September 2021,9,September,2021,2021-09
20210929,2021/09/29,29 September 2021,9,September,2021,2021-09
20210930,2021/09/30,30 September 2021,9,September,2021,2021-09
20211001,2021/10/01,01 October 2021,10,October,2021,2021-10
20211002,2021/10/02,02 October 2021,10,October,2021,2021-10
20211003,2021/10/03,03 October 2021,10,October,2021,2021-10
20211004,2021/10/04,04 October 2021,10,October,2021,2021-10
20211005,2021/10/05,05 October 2021,10,October,2021,2021-10
20211006,2021/10/06,06 October 2021,10,October,2021,2021-10
20211007,2021/10/07,07 October 2021,10,October,2021,2021-10
20211008,2021/10/08,08 October 2021,10,October,2021,2021-10
20211009,2021/10/09,09 October 2021,10,October,2021,2021-10
20211010,2021/10/10,10 October 2021,10,October,2021,2021-10
20211011,2021/10/11,11 October 2021,10,October,2021,2021-10
20211012,2021/10/12,12 October 2021,10,October,2021,2021-10
20211013,2021/10/13,13 October 2021,10,October,2021,2021-10
20211014,2021/10/14,14 October 2021,10,October,2021,2021-10
20211015,2021/10/15,15 October 2021,10,October,2021,2021-10
20211016,2021/10/16,16 October 2021,10,October,2021,2021-10
20211017,2021/10/17,17 October 2021,10,October,2021,2021-10
20211018,2021/10/18,18 October 2021,10,October,2021,2021-10
20211019,2021/10/19,19 October 2021,10,October,2021,2021-10
20211020,2021/10/20,20 October 2021,10,October,2021,2021-10
20211021,2021/10/21,21 October 2021,10,October,2021,2021-10
20211022,2021/10/22,22 October 2021,10,October,2021,2021-10
20211023,2021/10/23,23 October 2021,10,October,2021,2021-10
20211024,2021/10/24,24 October 2021,10,October,2021,2021-10
20211025,2021/10/25,25 October 2021,10,October,2021,2021-10
20211026,2021/10/26,26 October 2021,10,October,2021,2021-10
20211027,2021/10/27,27 October 2021,10,October,2021,2021-10
20211028,2021/10/28,28 October 2021,10,October,2021,2021-10
20211029,2021/10/29,29 October 2021,10,October,2021,2021-10
20211030,2021/10/30,30 October 2021,10,October,2021,2021-10
20211031,2021/10/31,31 October 2021,10,October,2021,2021-10
20211101,2021/11/01,01 November 2021,11,November,2021,2021-11
20211102,2021/11/02,02 November 2021,11,November,2021,2021-11
20211103,2021/11/03,03 November 2021,11,November,2021,2021-11
20211104,2021/11/04,04 November 2021,11,November,2021,2021-11
20211105,2021/11/05,05 November 2021,11,November,2021,2021-11
20211106,2021/11/06,06 November 2021,11,November,2021,2021-11
20211107,2021/11/07,07 November 2021,11,November,2021,2021-11
20211108,2021/11/08,08 November 2021,11,November,2021,2021-11
20211109,2021/11/09,09 November 2021,11,November,2021,2021-11
20211110,2021/11/10,10 November 2021,11,November,2021,2021-11
20211111,2021/11/11,11 November 2021,11,November,2021,2021-11
20211112,2021/11/12,12 November 2021,11,November,2021,2021-11
20211113,2021/11/13,13 November 2021,11,November,2021,2021-11
20211114,2021/11/14,14 November 2021,11,November,2021,2021-11
20211115,2021/11/15,15 November 2021,11,November,2021,2021-11
20211116,2021/11/16,16 November 2021,11,November,2021,2021-11
20211117,2021/11/17,17 November 2021,11,November,2021,2021-11
20211118,2021/11/18,18 November 2021,11,November,2021,2021-11
20211119,2021/11/19,19 November 2021,11,November,2021,2021-11
20211120,2021/11/20,20 November 2021,11,November,2021,2021-11
20211121,2021/11/21,21 November 2021,11,November,2021,2021-11
20211122,2021/11/22,22 November 2021,11,November,2021,2021-11
20211123,2021/11/23,23 November 2021,11,November,2021,2021-11
20211124,2021/11/24,24 November 2021,11,November,2021,2021-11
20211125,2021/11/25,25 November 2021,11,November,2021,2021-11
20211126,2021/11/26,26 November 2021,11,November,2021,2021-11
20211127,2021/11/27,27 November 2021,11,November,2021,2021-11
20211128,2021/11/28,28 November 2021,11,November,2021,2021-11
20211129,2021/11/29,29 November 2021,11,November,2021,2021-11
20211130,2021/11/30,30 November 2021,11,November,2021,2021-11
20211201,2021/12/01,01 December 2021,12,December,2021,2021-12
20211202,2021/12/02,02 December 2021,12,December,2021,2021-12
20211203,2021/12/03,03 December 2021,12,December,2021,2021-12
20211204,2021/12/04,04 December 2021,12,December,2021,2021-12
20211205,2021/12/05,05 December 2021,12,December,2021,2021-12
20211206,2021/12/06,06 December 2021,12,December,2021,2021-12
20211207,2021/12/07,07 December 2021,12,December,2021,2021-12
20211208,2021/12/08,08 December 2021,12,December,2021,2021-12
20211209,2021/12/09,09 December 2021,12,December,2021,2021-12
20211210,2021/12/10,10 December 2021,12,December,2021,2021-12
20211211,2021/12/11,11 December 2021,12,December,2021,2021-12
20211212,2021/12/12,12 December 2021,12,December,2021,2021-12
20211213,2021/12/13,13 December 2021,12,December,2021,2021-12
20211214,2021/12/14,14 December 2021,12,December,2021,2021-12
20211215,2021/12/15,15 December 2021,12,December,2021,2021-12
20211216,2021/12/16,16 December 2021,12,December,2021,2021-12
20211217,2021/12/17,17 December 2021,12,December,2021,2021-12
20211218,2021/12/18,18 December 2021,12,December,2021,2021-12
20211219,2021/12/19,19 December 2021,12,December,2021,2021-12
20211220,2021/12/20,20 December 2021,12,December,2021,2021-12
20211221,2021/12/21,21 December 2021,12,December,2021,2021-12
20211222,2021/12/22,22 December 2021,12,December,2021,2021-12
20211223,2021/12/23,23 December 2021,12,December,2021,2021-12
20211224,2021/12/24,24 December 2021,12,December,2021,2021-12
20211225,2021/12/25,25 December 2021,12,December,2021,2021-12
20211226,2021/12/26,26 December 2021,12,December,2021,2021-12
20211227,2021/12/27,27 December 2021,12,December,2021,2021-12
20211228,2021/12/28,28 December 2021,12,December,2021,2021-12
20211229,2021/12/29,29 December 2021,12,December,2021,2021-12
20211230,2021/12/30,30 December 2021,12,December,2021,2021-12
20211231,2021/12/31,31 December 2021,12,December,2021,2021-12
20220101,2022/01/01,01 January 2022,1,January,2022,2022-01
20220102,2022/01/02,02 January 2022,1,January,2022,2022-01
20220103,2022/01/03,03 January 2022,1,January,2022,2022-01
20220104,2022/01/04,04 January 2022,1,January,2022,2022-01
20220105,2022/01/05,05 January 2022,1,January,2022,2022-01
20220106,2022/01/06,06 January 2022,1,January,2022,2022-01
20220107,2022/01/07,07 January 2022,1,January,2022,2022-01
20220108,2022/01/08,08 January 2022,1,January,2022,2022-01
20220109,2022/01/09,09 January 2022,1,January,2022,2022-01
20220110,2022/01/10,10 January 2022,1,January,2022,2022-01
20220111,2022/01/11,11 January 2022,1,January,2022,2022-01
20220112,2022/01/12,12 January 2022,1,January,2022,2022-01
20220113,2022/01/13,13 January 2022,1,January,2022,2022-01
20220114,2022/01/14,14 January 2022,1,January,2022,2022-01
20220115,2022/01/15,15 January 2022,1,January,2022,2022-01
20220116,2022/01/16,16 January 2022,1,January,2022,2022-01
20220117,2022/01/17,17 January 2022,1,January,2022,2022-01
20220118,2022/01/18,18 January 2022,1,January,2022,2022-01
20220119,2022/01/19,19 January 2022,1,January,2022,2022-01
20220120,2022/01/20,20 January 2022,1,January,2022,2022-01
20220121,2022/01/21,21 January 2022,1,January,2022,2022-01
20220122,2022/01/22,22 January 2022,1,January,2022,2022-01
20220123,2022/01/23,23 January 2022,1,January,2022,2022-01
20220124,2022/01/24,24 January 2022,1,January,2022,2022-01
20220125,2022/01/25,25 January 2022,1,January,2022,2022-01
20220126,2022/01/26,26 January 2022,1,January,2022,2022-01
20220127,2022/01/27,27 January 2022,1,January,2022,2022-01
20220128,2022/01/28,28 January 2022,1,January,2022,2022-01
20220129,2022/01/29,29 January 2022,1,January,2022,2022-01
20220130,2022/01/30,30 January 2022,1,January,2022,2022-01
20220131,2022/01/31,31 January 2022,1,January,2022,2022-01
20220201,2022/02/01,01 February 2022,2,February,2022,2022-02
20220202,2022/02/02,02 February 2022,2,February,2022,2022-02
20220203,2022/02/03,03 February 2022,2,February,2022,2022-02
20220204,2022/02/04,04 February 2022,2,February,2022,2022-02
20220205,2022/02/05,05 February 2022,2,February,2022,2022-02
20220206,2022/02/06,06 February 2022,2,February,2022,2022-02
20220207,2022/02/07,07 February 2022,2,February,2022,2022-02
20220208,2022/02/08,08 February 2022,2,February,2022,2022-02
20220209,2022/02/09,09 February 2022,2,February,2022,2022-02
20220210,2022/02/10,10 February 2022,2,February,2022,2022-02
20220211,2022/02/11,11 February 2022,2,February,2022,2022-02
20220212,2022/02/12,12 February 2022,2,February,2022,2022-02
20220213,2022/02/13,13 February 2022,2,February,2022,2022-02
20220214,2022/02/14,14 February 2022,2,February,2022,2022-02
20220215,2022/02/15,15 February 2022,2,February,2022,2022-02
20220216,2022/02/16,16 February 2022,2,February,2022,2022-02
20220217,2022/02/17,17 February 2022,2,February,2022,2022-02
20220218,2022/02/18,18 February 2022,2,February,2022,2022-02
20220219,2022/02/19,19 February 2022,2,February,2022,2022-02
20220220,2022/02/20,20 February 2022,2,February,2022,2022-02
20220221,2022/02/21,21 February 2022,2,February,2022,2022-02
20220222,2022/02/22,22 February 2022,2,February,2022,2022-02
20220223,2022/02/23,23 February 2022,2,February,2022,2022-02
20220224,2022/02/24,24 February 2022,2,February,2022,2022-02
20220225,2022/02/25,25 February 2022,2,February,2022,2022-02
20220226,2022/02/26,26 February 2022,2,February,2022,2022-02
20220227,2022/02/27,27 February 2022,2,February,2022,2022-02
20220228,2022/02/28,28 February 2022,2,February,2022,2022-02
20220301,2022/03/01,01 March 2022,3,March,2022,2022-03
20220302,2022/03/02,02 March 2022,3,March,2022,2022-03
20220303,2022/03/03,03 March 2022,3,March,2022,2022-03
20220304,2022/03/04,04 March 2022,3,March,2022,2022-03
20220305,2022/03/05,05 March 2022,3,March,2022,2022-03
20220306,2022/03/06,06 March 2022,3,March,2022,2022-03
20220307,2022/03/07,07 March 2022,3,March,2022,2022-03
20220308,2022/03/08,08 March 2022,3,March,2022,2022-03
20220309,2022/03/09,09 March 2022,3,March,2022,2022-03
20220310,2022/03/10,10 March 2022,3,March,2022,2022-03
20220311,2022/03/11,11 March 2022,3,March,2022,2022-03
20220312,2022/03/12,12 March 2022,3,March,2022,2022-03
20220313,2022/03/13,13 March 2022,3,March,2022,2022-03
20220314,2022/03/14,14 March 2022,3,March,2022,2022-03
20220315,2022/03/15,15 March 2022,3,March,2022,2022-03
20220316,2022/03/16,16 March 2022,3,March,2022,2022-03
20220317,2022/03/17,17 March 2022,3,March,2022,2022-03
20220318,2022/03/18,18 March 2022,3,March,2022,2022-03
20220319,2022/03/19,19 March 2022,3,March,2022,2022-03
20220320,2022/03/20,20 March 2022,3,March,2022,2022-03
20220321,2022/03/21,21 March 2022,3,March,2022,2022-03
20220322,2022/03/22,22 March 2022,3,March,2022,2022-03
20220323,2022/03/23,23 March 2022,3,March,2022,2022-03
20220324,2022/03/24,24 March 2022,3,March,2022,2022-03
20220325,2022/03/25,25 March 2022,3,March,2022,2022-03
20220326,2022/03/26,26 March 2022,3,March,2022,2022-03
20220327,2022/03/27,27 March 2022,3,March,2022,2022-03
20220328,2022/03/28,28 March 2022,3,March,2022,2022-03
20220329,2022/03/29,29 March 2022,3,March,2022,2022-03
20220330,2022/03/30,30 March 2022,3,March,2022,2022-03
20220331,2022/03/31,31 March 2022,3,March,2022,2022-03
20220401,2022/04/01,01 April 2022,4,April,2022,2022-04
20220402,2022/04/02,02 April 2022,4,April,2022,2022-04
20220403,2022/04/03,03 April 2022,4,April,2022,2022-04
20220404,2022/04/04,04 April 2022,4,April,2022,2022-04
20220405,2022/04/05,05 April 2022,4,April,2022,2022-04
20220406,2022/04/06,06 April 2022,4,April,2022,2022-04
20220407,2022/04/07,07 April 2022,4,April,2022,2022-04
20220408,2022/04/08,08 April 2022,4,April,2022,2022-04
20220409,2022/04/09,09 April 2022,4,April,2022,2022-04
20220410,2022/04/10,10 April 2022,4,April,2022,2022-04
20220411,2022/04/11,11 April 2022,4,April,2022,2022-04
20220412,2022/04/12,12 April 2022,4,April,2022,2022-04
20220413,2022/04/13,13 April 2022,4,April,2022,2022-04
20220414,2022/04/14,14 April 2022,4,April,2022,2022-04
20220415,2022/04/15,15 April 2022,4,April,2022,2022-04
20220416,2022/04/16,16 April 2022,4,April,2022,2022-04
20220417,2022/04/17,17 April 2022,4,April,2022,2022-04
20220418,2022/04/18,18 April 2022,4,April,2022,2022-04
20220419,2022/04/19,19 April 2022,4,April,2022,2022-04
20220420,2022/04/20,20 April 2022,4,April,2022,2022-04
20220421,2022/04/21,21 April 2022,4,April,2022,2022-04
20220422,2022/04/22,22 April 2022,4,April,2022,2022-04
20220423,2022/04/23,23 April 2022,4,April,2022,2022-04
20220424,2022/04/24,24 April 2022,4,April,2022,2022-04
20220425,2022/04/25,25 April 2022,4,April,2022,2022-04
20220426,2022/04/26,26 April 2022,4,April,2022,2022-04
20220427,2022/04/27,27 April 2022,4,April,2022,2022-04
20220428,2022/04/28,28 April 2022,4,April,2022,2022-04
20220429,2022/04/29,29 April 2022,4,April,2022,2022-04
20220430,2022/04/30,30 April 2022,4,April,2022,2022-04
20220501,2022/05/01,01 May 2022,5,May,2022,2022-05
20220502,2022/05/02,02 May 2022,5,May,2022,2022-05
20220503,2022/05/03,03 May 2022,5,May,2022,2022-05
20220504,2022/05/04,04 May 2022,5,May,2022,2022-05
20220505,2022/05/05,05 May 2022,5,May,2022,2022-05
20220506,2022/05/06,06 May 2022,5,May,2022,2022-05
20220507,2022/05/07,07 May 2022,5,May,2022,2022-05
20220508,2022/05/08,08 May 2022,5,May,2022,2022-05
20220509,2022/05/09,09 May 2022,5,May,2022,2022-05
20220510,2022/05/10,10 May 2022,5,May,2022,2022-05
20220511,2022/05/11,11 May 2022,5,May,2022,2022-05
20220512,2022/05/12,12 May 2022,5,May,2022,2022-05
20220513,2022/05/13,13 May 2022,5,May,2022,2022-05
20220514,2022/05/14,14 May 2022,5,May,2022,2022-05
20220515,2022/05/15,15 May 2022,5,May,2022,2022-05
20220516,2022/05/16,16 May 2022,5,May,2022,2022-05
20220517,2022/05/17,17 May 2022,5,May,2022,2022-05
20220518,2022/05/18,18 May 2022,5,May,2022,2022-05
20220519,2022/05/19,19 May 2022,5,May,2022,2022-05
20220520,2022/05/20,20 May 2022,5,May,2022,2022-05
20220521,2022/05/21,21 May 2022,5,May,2022,2022-05
20220522,2022/05/22,22 May 2022,5,May,2022,2022-05
20220523,2022/05/23,23 May 2022,5,May,2022,2022-05
20220524,2022/05/24,24 May 2022,5,May,2022,2022-05
20220525,2022/05/25,25 May 2022,5,May,2022,2022-05
20220526,2022/05/26,26 May 2022,5,May,2022,2022-05
20220527,2022/05/27,27 May 2022,5,May,2022,2022-05
20220528,2022/05/28,28 May 2022,5,May,2022,2022-05
20220529,2022/05/29,29 May 2022,5,May,2022,2022-05
20220530,2022/05/30,30 May 2022,5,May,2022,2022-05
20220531,2022/05/31,31 May 2022,5,May,2022,2022-05
20220601,2022/06/01,01 June 2022,6,June,2022,2022-06
20220602,2022/06/02,02 June 2022,6,June,2022,2022-06
20220603,2022/06/03,03 June 2022,6,June,2022,2022-06
20220604,2022/06/04,04 June 2022,6,June,2022,2022-06
20220605,2022/06/05,05 June 2022,6,June,2022,2022-06
20220606,2022/06/06,06 June 2022,6,June,2022,2022-06
20220607,2022/06/07,07 June 2022,6,June,2022,2022-06
20220608,2022/06/08,08 June 2022,6,June,2022,2022-06
20220609,2022/06/09,09 June 2022,6,June,2022,2022-06
20220610,2022/06/10,10 June 2022,6,June,2022,2022-06
20220611,2022/06/11,11 June 2022,6,June,2022,2022-06
20220612,2022/06/12,12 June 2022,6,June,2022,2022-06
20220613,2022/06/13,13 June 2022,6,June,2022,2022-06
20220614,2022/06/14,14 June 2022,6,June,2022,2022-06
20220615,2022/06/15,15 June 2022,6,June,2022,2022-06
20220616,2022/06/16,16 June 2022,6,June,2022,2022-06
20220617,2022/06/17,17 June 2022,6,June,2022,2022-06
20220618,2022/06/18,18 June 2022,6,June,2022,2022-06
20220619,2022/06/19,19 June 2022,6,June,2022,2022-06
20220620,2022/06/20,20 June 2022,6,June,2022,2022-06
20220621,2022/06/21,21 June 2022,6,June,2022,2022-06
20220622,2022/06/22,22 June 2022,6,June,2022,2022-06
20220623,2022/06/23,23 June 2022,6,June,2022,2022-06
20220624,2022/06/24,24 June 2022,6,June,2022,2022-06
20220625,2022/06/25,25 June 2022,6,June,2022,2022-06
20220626,2022/06/26,26 June 2022,6,June,2022,2022-06
20220627,2022/06/27,27 June 2022,6,June,2022,2022-06
20220628,2022/06/28,28 June 2022,6,June,2022,2022-06
20220629,2022/06/29,29 June 2022,6,June,2022,2022-06
20220630,2022/06/30,30 June 2022,6,June,2022,2022-06
20220701,2022/07/01,01 July 2022,7,July,2022,2022-07
20220702,2022/07/02,02 July 2022,7,July,2022,2022-07
20220703,2022/07/03,03 July 2022,7,July,2022,2022-07
20220704,2022/07/04,04 July 2022,7,July,2022,2022-07
20220705,2022/07/05,05 July 2022,7,July,2022,2022-07
20220706,2022/07/06,06 July 2022,7,July,2022,2022-07
20220707,2022/07/07,07 July 2022,7,July,2022,2022-07
20220708,2022/07/08,08 July 2022,7,July,2022,2022-07
20220709,2022/07/09,09 July 2022,7,July,2022,2022-07
20220710,2022/07/10,10 July 2022,7,July,2022,2022-07
20220711,2022/07/11,11 July 2022,7,July,2022,2022-07
20220712,2022/07/12,12 July 2022,7,July,2022,2022-07
20220713,2022/07/13,13 July 2022,7,July,2022,2022-07
20220714,2022/07/14,14 July 2022,7,July,2022,2022-07
20220715,2022/07/15,15 July 2022,7,July,2022,2022-07
20220716,2022/07/16,16 July 2022,7,July,2022,2022-07
20220717,2022/07/17,17 July 2022,7,July,2022,2022-07
20220718,2022/07/18,18 July 2022,7,July,2022,2022-07
20220719,2022/07/19,19 July 2022,7,July,2022,2022-07
20220720,2022/07/20,20 July 2022,7,July,2022,2022-07
20220721,2022/07/21,21 July 2022,7,July,2022,2022-07
20220722,2022/07/22,22 July 2022,7,July,2022,2022-07
20220723,2022/07/23,23 July 2022,7,July,2022,2022-07
20220724,2022/07/24,24 July 2022,7,July,2022,2022-07
20220725,2022/07/25,25 July 2022,7,July,2022,2022-07
20220726,2022/07/26,26 July 2022,7,July,2022,2022-07
20220727,2022/07/27,27 July 2022,7,July,2022,2022-07
20220728,2022/07/28,28 July 2022,7,July,2022,2022-07
20220729,2022/07/29,29 July 2022,7,July,2022,2022-07
20220730,2022/07/30,30 July 2022,7,July,2022,2022-07
20220731,2022/07/31,31 July 2022,7,July,2022,2022-07
20220801,2022/08/01,01 August 2022,8,August,2022,2022-08
20220802,2022/08/02,02 August 2022,8,August,2022,2022-08
20220803,2022/08/03,03 August 2022,8,August,2022,2022-08
20220804,2022/08/04,04 August 2022,8,August,2022,2022-08
20220805,2022/08/05,05 August 2022,8,August,2022,2022-08
20220806,2022/08/06,06 August 2022,8,August,2022,2022-08
20220807,2022/08/07,07 August 2022,8,August,2022,2022-08
20220808,2022/08/08,08 August 2022,8,August,2022,2022-08
20220809,2022/08/09,09 August 2022,8,August,2022,2022-08
20220810,2022/08/10,10 August 2022,8,August,2022,2022-08
20220811,2022/08/11,11 August 2022,8,August,2022,2022-08
20220812,2022/08/12,12 August 2022,8,August,2022,2022-08
20220813,2022/08/13,13 August 2022,8,August,2022,2022-08
20220814,2022/08/14,14 August 2022,8,August,2022,2022-08
20220815,2022/08/15,15 August 2022,8,August,2022,2022-08
20220816,2022/08/16,16 August 2022,8,August,2022,2022-08
20220817,2022/08/17,17 August 2022,8,August,2022,2022-08
20220818,2022/08/18,18 August 2022,8,August,2022,2022-08
20220819,2022/08/19,19 August 2022,8,August,2022,2022-08
20220820,2022/08/20,20 August 2022,8,August,2022,2022-08
20220821,2022/08/21,21 August 2022,8,August,2022,2022-08
20220822,2022/08/22,22 August 2022,8,August,2022,2022-08
20220823,2022/08/23,23 August 2022,8,August,2022,2022-08
20220824,2022/08/24,24 August 2022,8,August,2022,2022-08
20220825,2022/08/25,25 August 2022,8,August,2022,2022-08
20220826,2022/08/26,26 August 2022,8,August,2022,2022-08
20220827,2022/08/27,27 August 2022,8,August,2022,2022-08
20220828,2022/08/28,28 August 2022,8,August,2022,2022-08
20220829,2022/08/29,29 August 2022,8,August,2022,2022-08
20220830,2022/08/30,30 August 2022,8,August,2022,2022-08
20220831,2022/08/31,31 August 2022,8,August,2022,2022-08
20220901,2022/09/01,01 September 2022,9,September,2022,2022-09
20220902,2022/09/02,02 September 2022,9,September,2022,2022-09
20220903,2022/09/03,03 September 2022,9,September,2022,2022-09
20220904,2022/09/04,04 September 2022,9,September,2022,2022-09
20220905,2022/09/05,05 September 2022,9,September,2022,2022-09
20220906,2022/09/06,06 September 2022,9,September,2022,2022-09
20220907,2022/09/07,07 September 2022,9,September,2022,2022-09
20220908,2022/09/08,08 September 2022,9,September,2022,2022-09
20220909,2022/09/09,09 September 2022,9,September,2022,2022-09
20220910,2022/09/10,10 September 2022,9,September,2022,2022-09
20220911,2022/09/11,11 September 2022,9,September,2022,2022-09
20220912,2022/09/12,12 September 2022,9,September,2022,2022-09
20220913,2022/09/13,13 September 2022,9,September,2022,2022-09
20220914,2022/09/14,14 September 2022,9,September,2022,2022-09
20220915,2022/09/15,15 September 2022,9,September,2022,2022-09
20220916,2022/09/16,16 September 2022,9,September,2022,2022-09
20220917,2022/09/17,17 September 2022,9,September,2022,2022-09
20220918,2022/09/18,18 September 2022,9,September,2022,2022-09
20220919,2022/09/19,19 September 2022,9,September,2022,2022-09
20220920,2022/09/20,20 September 2022,9,September,2022,2022-09
20220921,2022/09/21,21 September 2022,9,September,2022,2022-09
20220922,2022/09/22,22 September 2022,9,September,2022,2022-09
20220923,2022/09/23,23 September 2022,9,September,2022,2022-09
20220924,2022/09/24,24 September 2022,9,September,2022,2022-09
20220925,2022/09/25,25 September 2022,9,September,2022,2022-09
20220926,2022/09/26,26 September 2022,9,September,2022,2022-09
20220927,2022/09/27,27 September 2022,9,September,2022,2022-09
20220928,2022/09/28,28 September 2022,9,September,2022,2022-09
20220929,2022/09/29,29 September 2022,9,September,2022,2022-09
20220930,2022/09/30,30 September 2022,9,September,2022,2022-09
20221001,2022/10/01,01 October 2022,10,October,2022,2022-10
20221002,2022/10/02,02 October 2022,10,October,2022,2022-10
20221003,2022/10/03,03 October 2022,10,October,2022,2022-10
20221004,2022/10/04,04 October 2022,10,October,2022,2022-10
20221005,2022/10/05,05 October 2022,10,October,2022,2022-10
20221006,2022/10/06,06 October 2022,10,October,2022,2022-10
20221007,2022/10/07,07 October 2022,10,October,2022,2022-10
20221008,2022/10/08,08 October 2022,10,October,2022,2022-10
20221009,2022/10/09,09 October 2022,10,October,2022,2022-10
20221010,2022/10/10,10 October 2022,10,October,2022,2022-10
20221011,2022/10/11,11 October 2022,10,October,2022,2022-10
20221012,2022/10/12,12 October 2022,10,October,2022,2022-10
20221013,2022/10/13,13 October 2022,10,October,2022,2022-10
20221014,2022/10/14,14 October 2022,10,October,2022,2022-10
20221015,2022/10/15,15 October 2022,10,October,2022,2022-10
20221016,2022/10/16,16 October 2022,10,October,2022,2022-10
20221017,2022/10/17,17 October 2022,10,October,2022,2022-10
20221018,2022/10/18,18 October 2022,10,October,2022,2022-10
20221019,2022/10/19,19 October 2022,10,October,2022,2022-10
20221020,2022/10/20,20 October 2022,10,October,2022,2022-10
20221021,2022/10/21,21 October 2022,10,October,2022,2022-10
20221022,2022/10/22,22 October 2022,10,October,2022,2022-10
20221023,2022/10/23,23 October 2022,10,October,2022,2022-10
20221024,2022/10/24,24 October 2022,10,October,2022,2022-10
20221025,2022/10/25,25 October 2022,10,October,2022,2022-10
20221026,2022/10/26,26 October 2022,10,October,2022,2022-10
20221027,2022/10/27,27 October 2022,10,October,2022,2022-10
20221028,2022/10/28,28 October 2022,10,October,2022,2022-10
20221029,2022/10/29,29 October 2022,10,October,2022,2022-10
20221030,2022/10/30,30 October 2022,10,October,2022,2022-10
20221031,2022/10/31,31 October 2022,10,October,2022,2022-10
20221101,2022/11/01,01 November 2022,11,November,2022,2022-11
20221102,2022/11/02,02 November 2022,11,November,2022,2022-11
20221103,2022/11/03,03 November 2022,11,November,2022,2022-11
20221104,2022/11/04,04 November 2022,11,November,2022,2022-11
20221105,2022/11/05,05 November 2022,11,November,2022,2022-11
20221106,2022/11/06,06 November 2022,11,November,2022,2022-11
20221107,2022/11/07,07 November 2022,11,November,2022,2022-11
20221108,2022/11/08,08 November 2022,11,November,2022,2022-11
20221109,2022/11/09,09 November 2022,11,November,2022,2022-11
20221110,2022/11/10,10 November 2022,11,November,2022,2022-11
20221111,2022/11/11,11 November 2022,11,November,2022,2022-11
20221112,2022/11/12,12 November 2022,11,November,2022,2022-11
20221113,2022/11/13,13 November 2022,11,November,2022,2022-11
20221114,2022/11/14,14 November 2022,11,November,2022,2022-11
20221115,2022/11/15,15 November 2022,11,November,2022,2022-11
20221116,2022/11/16,16 November 2022,11,November,2022,2022-11
20221117,2022/11/17,17 November 2022,11,November,2022,2022-11
20221118,2022/11/18,18 November 2022,11,November,2022,2022-11
20221119,2022/11/19,19 November 2022,11,November,2022,2022-11
20221120,2022/11/20,20 November 2022,11,November,2022,2022-11
20221121,2022/11/21,21 November 2022,11,November,2022,2022-11
20221122,2022/11/22,22 November 2022,11,November,2022,2022-11
20221123,2022/11/23,23 November 2022,11,November,2022,2022-11
20221124,2022/11/24,24 November 2022,11,November,2022,2022-11
20221125,2022/11/25,25 November 2022,11,November,2022,2022-11
20221126,2022/11/26,26 November 2022,11,November,2022,2022-11
20221127,2022/11/27,27 November 2022,11,November,2022,2022-11
20221128,2022/11/28,28 November 2022,11,November,2022,2022-11
20221129,2022/11/29,29 November 2022,11,November,2022,2022-11
20221130,2022/11/30,30 November 2022,11,November,2022,2022-11
20221201,2022/12/01,01 December 2022,12,December,2022,2022-12
20221202,2022/12/02,02 December 2022,12,December,2022,2022-12
20221203,2022/12/03,03 December 2022,12,December,2022,2022-12
20221204,2022/12/04,04 December 2022,12,December,2022,2022-12
20221205,2022/12/05,05 December 2022,12,December,2022,2022-12
20221206,2022/12/06,06 December 2022,12,December,2022,2022-12
20221207,2022/12/07,07 December 2022,12,December,2022,2022-12
20221208,2022/12/08,08 December 2022,12,December,2022,2022-12
20221209,2022/12/09,09 December 2022,12,December,2022,2022-12
20221210,2022/12/10,10 December 2022,12,December,2022,2022-12
20221211,2022/12/11,11 December 2022,12,December,2022,2022-12
20221212,2022/12/12,12 December 2022,12,December,2022,2022-12
20221213,2022/12/13,13 December 2022,12,December,2022,2022-12
20221214,2022/12/14,14 December 2022,12,December,2022,2022-12
20221215,2022/12/15,15 December 2022,12,December,2022,2022-12
20221216,2022/12/16,16 December 2022,12,December,2022,2022-12
20221217,2022/12/17,17 December 2022,12,December,2022,2022-12
20221218,2022/12/18,18 December 2022,12,December,2022,2022-12
20221219,2022/12/19,19 December 2022,12,December,2022,2022-12
20221220,2022/12/20,20 December 2022,12,December,2022,2022-12
20221221,2022/12/21,21 December 2022,12,December,2022,2022-12
20221222,2022/12/22,22 December 2022,12,December,2022,2022-12
20221223,2022/12/23,23 December 2022,12,December,2022,2022-12
20221224,2022/12/24,24 December 2022,12,December,2022,2022-12
20221225,2022/12/25,25 December 2022,12,December,2022,2022-12
20221226,2022/12/26,26 December 2022,12,December,2022,2022-12
20221227,2022/12/27,27 December 2022,12,December,2022,2022-12
20221228,2022/12/28,28 December 2022,12,December,2022,2022-12
20221229,2022/12/29,29 December 2022,12,December,2022,2022-12
20221230,2022/12/30,30 December 2022,12,December,2022,2022-12
20221231,2022/12/31,31 December 2022,12,December,2022,2022-12
99990101,9999/01/01,*No Date,1,January,9999,9999-01
